totalAssets,totalCurrentAssets,cashAndCashEquivalentsAtCarryingValue,cashAndShortTermInvestments,totalNonCurrentAssets,propertyPlantEquipment,accumulatedDepreciationAmortizationPPE,intangibleAssets,intangibleAssetsExcludingGoodwill,goodwill,investments,longTermInvestments,shortTermInvestments,totalLiabilities,totalCurrentLiabilities,currentDebt,shortTermDebt,totalNonCurrentLiabilities,longTermDebt,currentLongTermDebt,longTermDebtNoncurrent,shortLongTermDebtTotal,otherCurrentLiabilities,totalShareholderEquity,treasuryStock,retainedEarnings,commonStock,commonStockSharesOutstanding,date,grossProfit,totalRevenue,costOfRevenue,costofGoodsAndServicesSold,operatingIncome,sellingGeneralAndAdministrative,operatingExpenses,netInterestIncome,interestIncome,interestExpense,depreciationAndAmortization,incomeBeforeTax,incomeTaxExpense,netIncomeFromContinuingOperations,comprehensiveIncomeNetOfTax,ebit,ebitda,netIncome,operatingCashflow,paymentsForOperatingActivities,depreciationDepletionAndAmortization,capitalExpenditures,profitLoss,cashflowFromInvestment,cashflowFromFinancing,paymentsForRepurchaseOfCommonStock,paymentsForRepurchaseOfEquity,dividendPayout,dividendPayoutCommonStock,proceedsFromRepurchaseOfEquity,changeInCashAndCashEquivalents,EPS Estimate,Reported EPS,Surprise(%)
882185000000,135910000000,65974000000,65974000000,352190000000,11321000000,7280000000,1388000000,1388000000,1388000000,574007000000,1484000000,185548000000,816831000000,127035000000,127035000000,127035000000,189724000000,204305000000,17928000000,189724000000,228279000000,-38555000000,65354000000,32157000000,45660000000,8000000,513055963,2009-09-30,-7578000000,12372000000,7578000000,5581000000,-13207000000,5629000000,5629000000,1453000000,3000000000,1064000000,8000000,4794000000,1606000000,-22391000000,3298000000,5858000000,5866000000,3188000000,-22391000000,1270000000,8000000,424000000,-22391000000,-261000000,-5966000000,0,2269000000,355000000,355000000,3291000000,838000000.0,4.01,5.59,39.34
848942000000,38290000000,38290000000,38290000000,360186000000,11380000000,7280000000,1377000000,1377000000,3543000000,532341000000,1484000000,180942000000,778228000000,128360000000,128360000000,128360000000,185085000000,196288000000,17928000000,196288000000,246735000000,-236081000000,70714000000,32156000000,50252000000,8000000,515113890,2009-12-31,-2238000000,9526000000,2238000000,1915000000,-1996000000,-242000000,-242000000,-7732000000,3075000000,-799000000,26000000,7377000000,2429000000,-6663000000,4826000000,6578000000,6604000000,4948000000,25523000000,1270000000,26000000,479000000,-6663000000,-261000000,-9986000000,0,2269000000,355000000,355000000,-20816000000,15276000000.0,4.01,5.59,39.34
880528000000,141560000000,70117000000,70117000000,339435000000,12322000000,7800000000,5983000000,5983000000,3575000000,542276000000,1359000000,43053000000,807584000000,153517000000,153517000000,153517000000,180414000000,193609000000,18036000000,180414000000,221198000000,-40784000000,72944000000,34388000000,53345000000,8000000,514190734,2010-03-31,-7616000000,10522000000,7616000000,5749000000,-13395000000,5779000000,5779000000,-799000000,3001000000,814000000,44000000,5159000000,1703000000,-22714000000,3462000000,5973000000,6017000000,3456000000,-7504000000,2010000000,44000000,278000000,-22714000000,-966000000,-2757000000,2269000000,2269000000,363000000,363000000,-2269000000,-11227000000.0,4.01,5.59,39.34
883188000000,32600000000,32600000000,32600000000,334868000000,11958000000,7800000000,5894000000,2346000000,3548000000,526306000000,1359000000,56414000000,809369000000,174104000000,174104000000,156068000000,190980000000,190984000000,18036000000,190980000000,217705000000,-229399000000,73819000000,34386000000,53599000000,8000000,515486866,2010-06-30,-586000000,6807000000,7393000000,4076000000,-4772000000,4104000000,5474000000,1515000000,3302000000,1288000000,82000000,1448000000,835000000,-13000000000,651000000,2736000000,2818000000,613000000,-13000000000,1740000000,82000000,174000000,-13000000000,276000000,-4692000000,0,0,359000000,359000000,0,5537000000.0,2.08,0.78,-62.5
908679000000,36130000000,36130000000,36130000000,351795000000,11410000000,8120000000,5866000000,2359000000,3507000000,537265000000,1402000000,52192000000,833022000000,178349000000,178349000000,155997000000,197070000000,197067000000,22352000000,197070000000,229069000000,-233801000000,75657000000,35202000000,55136000000,8000000,511518083,2010-09-30,568000000,6660000000,6092000000,4125000000,-3614000000,4149000000,5589000000,1055000000,2937000000,1407000000,33000000,2811000000,913000000,-10619000000,1932000000,4218000000,4251000000,1898000000,-10619000000,1600000000,33000000,447000000,-10619000000,-87000000,2939000000,819000000,819000000,361000000,361000000,-819000000,3528000000.0,2.32,2.98,28.69
911332000000,39790000000,39788000000,39790000000,375026000000,11106000000,7870000000,5522000000,2027000000,3495000000,167751000000,1445000000,242086000000,833976000000,193699000000,193699000000,72371000000,188247000000,174399000000,25396000000,188247000000,262144000000,-262875000000,77356000000,36295000000,57163000000,8000000,507530772,2010-12-31,-32530000000,8064000000,5168000000,4354000000,-36031000000,3140000000,2956000000,-7270000000,3069000000,-545000000,361000000,3474000000,1087000000,-42286000000,2385000000,2929000000,3290000000,2387000000,-9282000000,1390000000,361000000,328000000,-42286000000,592000000,12349000000,1095000000,1095000000,360000000,360000000,-1095000000,3659000000.0,3.76,3.79,0.89
933289000000,42680000000,42680000000,42680000000,391393000000,10184000000,7860000000,1916000000,1916000000,3322000000,185382000000,1165000000,53512000000,860820000000,201814000000,201814000000,171728000000,183053000000,173793000000,30086000000,183053000000,264453000000,-247142000000,72469000000,37723000000,57803000000,8000000,517917496,2011-03-31,-8683000000,11894000000,7854000000,5500000000,-14350000000,5610000000,6525000000,-829000000,3107000000,858000000,57000000,4040000000,1305000000,-23509000000,2691000000,4898000000,4955000000,2735000000,1900000000,2710000000,57000000,277000000,-23509000000,112000000,883000000,1481000000,1481000000,358000000,358000000,-1481000000,2895000000.0,0.82,1.56,90.49
936910000000,45430000000,45430000000,45430000000,386675000000,9743000000,8060000000,5187000000,1864000000,3323000000,179542000000,1140000000,223776000000,864554000000,116299000000,116299000000,83063000000,183221000000,175210000000,33236000000,183221000000,266284000000,-266348000000,72356000000,39219000000,58659000000,8000000,507855774,2011-06-30,-7329000000,7281000000,5669000000,3456000000,-10992000000,3597000000,5350000000,-1660000000,3681000000,1687000000,66000000,1612000000,525000000,-17186000000,1070000000,3299000000,3365000000,1087000000,-17186000000,1310000000,66000000,243000000,-17186000000,337000000,-8342000000,1499000000,5356000000,1968000000,1968000000,-5356000000,2750000000.0,2.27,1.85,-18.46
948909000000,44200000000,44200000000,44200000000,387063000000,9484000000,8350000000,5459000000,1816000000,3643000000,157590000000,661000000,263277000000,878821000000,119278000000,119278000000,87281000000,185020000000,425829000000,31997000000,185020000000,513110000000,-273948000000,70088000000,41372000000,58043000000,8000000,492622657,2011-09-30,-5764000000,3587000000,4317000000,1840000000,-7775000000,1927000000,3490000000,-1447000000,3354000000,1479000000,84000000,-730000000,-337000000,-393000000,-360000000,749000000,833000000,-393000000,-424000000,2090000000,84000000,459000000,-393000000,539000000,8456000000,2160000000,2160000000,223000000,223000000,-2160000000,-1230000000.0,-0.16,-0.84,-434.76
923225000000,56000000000,56008000000,56000000000,379035000000,8697000000,8460000000,1666000000,1666000000,3802000000,154005000000,664000000,252053000000,852846000000,107059000000,107059000000,78223000000,181724000000,416179000000,28836000000,181724000000,494402000000,-276515000000,70379000000,42281000000,58834000000,8000000,485467565,2011-12-31,-6428000000,5489000000,4802000000,1030000000,-9642000000,3032000000,4877000000,9624000000,3032000000,3462000000,1658000000,1247000000,234000000,1013000000,811000000,4709000000,6367000000,1013000000,19215000000,1940000000,182000000,205000000,1013000000,497000000,-7907000000,908000000,908000000,222000000,222000000,-908000000,11805000000.0,1.24,1.84,48.48
950932000000,57140000000,57140000000,57140000000,400140000000,8597000000,8590000000,5370000000,1588000000,3782000000,169759000000,667000000,234149000000,879276000000,103488000000,103488000000,74049000000,179403000000,410126000000,29439000000,179403000000,484175000000,-259026000000,71656000000,42592000000,60723000000,8000000,495210854,2012-03-31,-8355000000,9949000000,6768000000,6426000000,-13116000000,4691000000,6386000000,-1587000000,2833000000,1625000000,70000000,3181000000,1072000000,2109000000,2118000000,4806000000,4876000000,2109000000,3538000000,4040000000,70000000,390000000,2109000000,-240000000,-2168000000,365000000,365000000,220000000,220000000,-365000000,1130000000.0,3.55,3.92,10.45
948638000000,58910000000,58910000000,58910000000,401884000000,8616000000,8820000000,5400000000,1621000000,3779000000,168188000000,672000000,56685000000,875783000000,92031000000,92031000000,65138000000,176338000000,401788000000,26893000000,176338000000,466926000000,-254876000000,72855000000,44092000000,61412000000,8000000,480990890,2012-06-30,-6827000000,6627000000,5212000000,3129000000,-10149000000,3246000000,4972000000,-1615000000,3055000000,1650000000,76000000,1415000000,453000000,962000000,963000000,3065000000,3141000000,962000000,940000000,1680000000,76000000,152000000,962000000,-941000000,-2651000000,1501000000,1501000000,273000000,273000000,249000000,1775000000.0,1.16,1.78,52.79
949207000000,63640000000,63639000000,63640000000,429577000000,-9020000000,9020000000,5296000000,1533000000,3763000000,166228000000,518000000,1000000,875520000000,96896000000,96896000000,68321000000,176221000000,402813000000,28575000000,176221000000,471134000000,-252722000000,73687000000,45334000000,62638000000,8000000,471430795,2012-09-30,-7656000000,10144000000,6053000000,3892000000,-11704000000,3988000000,5689000000,836000000,2629000000,1793000000,396000000,2298000000,786000000,1512000000,1636000000,4091000000,4487000000,1512000000,1482000000,2150000000,60000000,165000000,1512000000,-336000000,4049000000,1250000000,1250000000,286000000,286000000,-750000000,4726000000.0,2.12,2.85,34.64
938555000000,72670000000,72669000000,72670000000,420780000000,-9050000000,9050000000,5099000000,1397000000,3702000000,137346000000,453000000,1000000,862839000000,203556000000,203556000000,67349000000,176270000000,399470000000,25344000000,176270000000,577682000000,-261834000000,75716000000,46850000000,65223000000,8000000,465148387,2012-12-31,-6541000000,11127000000,4923000000,13819000000,-9357000000,2684000000,4479000000,973000000,2864000000,1891000000,500000000,4313000000,1421000000,2892000000,3081000000,6204000000,6704000000,2892000000,2961000000,1380000000,132000000,254000000,2892000000,-2217000000,8286000000,1524000000,1524000000,307000000,307000000,-687000000,9030000000.0,3.78,5.6,48.07
959223000000,187141000000,63333000000,63333000000,400491000000,7960000000,8820000000,4683000000,4683000000,4683000000,175172000000,387393000000,41044000000,881995000000,244507000000,188500000000,40980000000,244507000000,167008000000,23734000000,169717000000,238449000000,-244507000000,77228000000,-48347000000,67164000000,8000000,509799994,2013-03-31,4972000000,11773000000,4557000000,4557000000,5056000000,4466000000,2160000000,925000000,2663000000,1683000000,302000000,3373000000,1113000000,2260000000,2245000000,5056000000,5358000000,2260000000,-5698000000,1960000000,42000000,171000000,2260000000,-953000000,-2685000000,1600000000,1525000000,319000000,319000000,-1525000000,-9336000000.0,3.88,4.29,10.67
938456000000,72398000000,72398000000,72398000000,369080000000,-8820000000,8820000000,4494000000,795000000,3699000000,175172000000,374000000,51930000000,860413000000,188500000000,188500000000,164766000000,169717000000,383982000000,23734000000,169717000000,548748000000,-270732000000,78043000000,49949000000,68783000000,8000000,450480540,2013-06-30,-7589000000,10449000000,5967000000,3913000000,-11644000000,4025000000,5727000000,826000000,2663000000,1837000000,266000000,2645000000,714000000,1931000000,1556000000,4482000000,4748000000,1931000000,1934000000,1370000000,30000000,158000000,1931000000,-707000000,-1560000000,1600000000,1600000000,312000000,312000000,-609000000,9065000000.0,2.82,3.7,31.16
923223000000,65478000000,65478000000,65478000000,337858000000,-8860000000,8860000000,4458000000,756000000,3702000000,356418000000,422000000,53875000000,845607000000,98633000000,79599000000,58499000000,175875000000,32841000000,21100000000,175875000000,91340000000,-260372000000,77616000000,51598000000,69975000000,8000000,441499049,2013-09-30,2167000000,8280000000,4555000000,2587000000,-1230000000,2701000000,4955000000,840000000,2398000000,1558000000,280000000,2167000000,650000000,1517000000,1500000000,3725000000,4005000000,1517000000,1517000000,1350000000,47000000,169000000,1517000000,1055000000,606000000,1650000000,1650000000,325000000,325000000,-1650000000,-6920000000.0,2.43,2.88,18.58
911124000000,61133000000,78867000000,61133000000,353110000000,9196000000,9040000000,4376000000,671000000,3705000000,336388000000,417000000,211403000000,833040000000,214536000000,195791000000,170479000000,168489000000,218303000000,25312000000,168489000000,388782000000,-266747000000,78467000000,53015000000,71961000000,8000000,446359012,2013-12-31,3552000000,10372000000,5230000000,4851000000,-243000000,2860000000,5385000000,801000000,2391000000,1590000000,474000000,3552000000,1220000000,2332000000,2408000000,5142000000,5616000000,2332000000,2280000000,1010000000,86000000,208000000,2332000000,-548000000,-3712000000,1400000000,1400000000,346000000,346000000,-1400000000,-4345000000.0,4.22,4.6,9.07
915665000000,58858000000,58858000000,58858000000,346360000000,-9290000000,9290000000,4486000000,780000000,3706000000,332878000000,397000000,60180000000,836566000000,189145000000,170803000000,144271000000,172499000000,38976000000,26532000000,172499000000,183247000000,-292918000000,79099000000,54726000000,73646000000,8000000,448032463,2014-03-31,3021000000,10885000000,6307000000,4221000000,-2140000000,4349000000,6718000000,1037000000,2594000000,1557000000,390000000,3021000000,988000000,2033000000,1997000000,4578000000,4968000000,2033000000,-4221000000,2260000000,48000000,164000000,2033000000,-162000000,5149000000,1719000000,1719000000,348000000,348000000,-1719000000,-2275000000.0,3.45,4.02,16.61
859914000000,56983000000,56983000000,56983000000,13758000000,8884000000,9510000000,4469000000,762000000,3707000000,277866000000,405000000,40668000000,778285000000,149639000000,140199000000,112751000000,173458000000,42151000000,27448000000,173458000000,154902000000,-276010000000,81629000000,55975000000,75340000000,8000000,440734836,2014-06-30,2821000000,10704000000,6304000000,4129000000,-2153000000,4251000000,6553000000,1000000000,2579000000,1579000000,294000000,2821000000,784000000,2037000000,2002000000,4400000000,4694000000,2037000000,2037000000,1000000000,38000000,189000000,2037000000,-1523000000,1206000000,1250000000,1250000000,343000000,343000000,730000000,-1875000000.0,3.05,4.1,34.52
868531000000,54150000000,54150000000,54150000000,338785000000,-9080000000,9080000000,4386000000,680000000,3706000000,172763000000,391000000,44190000000,786658000000,137185000000,130848000000,101935000000,172357000000,222563000000,28913000000,172357000000,324498000000,-286486000000,82275000000,57221000000,77227000000,9000000,435734150,2014-09-30,3810000000,9635000000,5082000000,3013000000,-43000000,3552000000,3853000000,1049000000,2297000000,1248000000,301000000,3305000000,1064000000,2241000000,2193000000,4553000000,4854000000,2241000000,2241000000,2190000000,91000000,155000000,2241000000,-8906000000,9844000000,1250000000,1250000000,354000000,354000000,-1250000000,-2833000000.0,3.21,4.57,42.51
855842000000,57600000000,75025000000,57600000000,326112000000,-8980000000,8980000000,4160000000,515000000,3645000000,161082000000,360000000,179654000000,773045000000,123904000000,118334000000,60099000000,174820000000,221431000000,25126000000,174551000000,314639000000,-273672000000,82797000000,58468000000,78984000000,9000000,430259102,2014-12-31,3042000000,8861000000,4478000000,4205000000,-386000000,3054000000,3428000000,961000000,2134000000,1173000000,352000000,3210000000,1044000000,2166000000,2066000000,4383000000,4735000000,2166000000,17576000000,980000000,40000000,170000000,2166000000,-4318000000,2800000000,1250000000,1250000000,409000000,409000000,-1250000000,3141000000.0,4.32,4.38,1.38
865045000000,63129000000,63129000000,63129000000,340674000000,-8600000000,8600000000,4186000000,541000000,3645000000,167023000000,350000000,42323000000,780331000000,122568000000,115832000000,90221000000,173441000000,219834000000,25611000000,173441000000,310055000000,-281988000000,85127000000,59698000000,81455000000,9000000,432093034,2015-03-31,4234000000,11793000000,6683000000,4663000000,-1260000000,5275000000,5494000000,859000000,2035000000,1176000000,219000000,3934000000,1090000000,2844000000,2816000000,5110000000,5329000000,2844000000,-10145000000,1770000000,43000000,302000000,2844000000,-4263000000,3073000000,1250000000,1250000000,373000000,373000000,-1250000000,5529000000.0,4.26,5.94,39.5
859454000000,60845000000,60845000000,60845000000,319516000000,-8230000000,8230000000,4166000000,521000000,3645000000,178265000000,287000000,35340000000,772225000000,93640000000,86378000000,58625000000,181964000000,232240000000,27753000000,181964000000,290865000000,-264737000000,87654000000,59940000000,82072000000,9000000,432768039,2015-06-30,2059000000,10556000000,7343000000,3995000000,-2864000000,4658000000,4923000000,663000000,2150000000,1487000000,265000000,1726000000,678000000,1048000000,911000000,3213000000,3478000000,1048000000,1048000000,740000000,27000000,396000000,1048000000,-7153000000,12720000000,245000000,245000000,431000000,431000000,1748000000,-2284000000.0,3.89,4.75,22.19
880559000000,65575000000,65575000000,65575000000,306602000000,-8300000000,8300000000,4168000000,516000000,3652000000,232082000000,276000000,58168000000,792856000000,83686000000,80167000000,55511000000,186859000000,234137000000,24656000000,186859000000,289648000000,-278289000000,87703000000,60992000000,83105000000,9000000,427904332,2015-09-30,2343000000,8138000000,4815000000,2533000000,-1051000000,3172000000,3394000000,842000000,2119000000,1277000000,222000000,2046000000,620000000,1426000000,1423000000,3323000000,3545000000,1426000000,1426000000,1580000000,28000000,507000000,1426000000,-3331000000,6763000000,1050000000,1050000000,393000000,393000000,-1050000000,4730000000.0,2.91,2.9,-0.47
861395000000,75110000000,93439000000,75110000000,308302000000,-7770000000,7770000000,4148000000,491000000,3657000000,172357000000,258000000,177743000000,774667000000,86007000000,82393000000,57020000000,185942000000,60311000000,25373000000,185942000000,117331000000,-267382000000,86728000000,62640000000,83386000000,9000000,419480736,2015-12-31,1552000000,8721000000,6120000000,13450000000,-1653000000,2920000000,3205000000,700000000,2148000000,1448000000,285000000,1072000000,307000000,-39858000000,958000000,2520000000,2805000000,765000000,-54196000000,730000000,34000000,628000000,-39858000000,-3827000000,6562000000,1590000000,1590000000,484000000,484000000,-1590000000,10439000000.0,3.53,4.68,32.4
878036000000,79169000000,97951000000,79169000000,301887000000,-7950000000,7950000000,4136000000,477000000,3659000000,241511000000,237000000,58287000000,791199000000,94945000000,90518000000,61840000000,191185000000,242526000000,28678000000,191185000000,304366000000,-272778000000,86837000000,64178000000,83990000000,9000000,417572204,2016-03-31,2144000000,7803000000,4663000000,2845000000,-1541000000,3446000000,3685000000,883000000,2348000000,1465000000,239000000,1576000000,441000000,1135000000,1070000000,3041000000,3280000000,1135000000,17077000000,2250000000,47000000,573000000,1135000000,-3140000000,11136000000,1556000000,1556000000,387000000,387000000,-901000000,4512000000.0,2.45,2.68,9.33
896843000000,103293000000,122516000000,103293000000,295112000000,-7980000000,7980000000,4145000000,476000000,3669000000,253785000000,224000000,64620000000,810329000000,88528000000,84556000000,59519000000,192596000000,239465000000,25037000000,192596000000,298984000000,-277455000000,86514000000,65921000000,85339000000,9000000,406591645,2016-06-30,2843000000,9708000000,5469000000,3512000000,-1522000000,4120000000,4365000000,754000000,2530000000,1776000000,245000000,2463000000,641000000,1822000000,1749000000,4239000000,4484000000,1822000000,1822000000,1220000000,32000000,669000000,1822000000,15955000000,-1436000000,1738000000,1738000000,473000000,473000000,-1738000000,24565000000.0,3.0,3.72,24.08
879987000000,99535000000,118003000000,99535000000,308084000000,-8160000000,8160000000,4104000000,435000000,3669000000,240425000000,213000000,54526000000,792877000000,89557000000,84301000000,58013000000,197876000000,246076000000,26288000000,197876000000,304089000000,-262500000000,87110000000,67195000000,87160000000,9000000,399211902,2016-09-30,3227000000,9943000000,5300000000,3452000000,-1058000000,4038000000,4285000000,614000000,2389000000,1775000000,247000000,2868000000,774000000,2094000000,2063000000,4643000000,4890000000,2094000000,2094000000,1930000000,37000000,821000000,2094000000,-1513000000,1655000000,1296000000,1296000000,378000000,378000000,-648000000,-4513000000.0,3.82,4.88,27.7
860165000000,121711000000,121711000000,121711000000,312336000000,-7680000000,7680000000,4095000000,429000000,3666000000,238491000000,219000000,116925000000,773272000000,106905000000,99381000000,75853000000,197491000000,242241000000,23528000000,197491000000,318094000000,-240838000000,86893000000,68694000000,89039000000,9000000,392632230,2016-12-31,3599000000,10440000000,4748000000,12435000000,-287000000,3223000000,3886000000,336000000,2424000000,2088000000,267000000,3397000000,1050000000,2347000000,1713000000,5485000000,5752000000,2347000000,-4739000000,1740000000,46000000,813000000,2347000000,-1627000000,748000000,1488000000,1488000000,468000000,468000000,-1488000000,3708000000.0,4.82,5.08,5.38
894069000000,123035000000,123035000000,123035000000,326531000000,-7920000000,7920000000,4067000000,403000000,3664000000,232861000000,221000000,117278000000,807152000000,122484000000,112786000000,92382000000,210497000000,251795000000,20404000000,210497000000,344177000000,-243379000000,86917000000,70169000000,90904000000,9000000,394791563,2017-03-31,3030000000,10256000000,5435000000,3467000000,-1326000000,4099000000,4356000000,516000000,2746000000,2230000000,257000000,2539000000,284000000,2255000000,2101000000,4769000000,5026000000,2255000000,-15928000000,2310000000,41000000,838000000,2255000000,-1573000000,6261000000,1503000000,1503000000,366000000,366000000,-1503000000,1324000000.0,5.31,5.15,-2.99
906518000000,110888000000,110888000000,110888000000,346040000000,-8210000000,8210000000,4080000000,412000000,3668000000,227994000000,242000000,115553000000,819843000000,125688000000,113683000000,87672000000,215993000000,261664000000,26011000000,215993000000,349336000000,-252615000000,86675000000,71642000000,92225000000,9000000,388213152,2017-06-30,3011000000,10319000000,5378000000,3423000000,-1346000000,4092000000,4357000000,788000000,3220000000,2432000000,265000000,2509000000,678000000,1831000000,1586000000,4941000000,5206000000,1831000000,1922000000,3970000000,29000000,683000000,1831000000,-5133000000,3719000000,1466000000,1466000000,510000000,510000000,-1466000000,-12147000000.0,3.39,3.95,16.67
930132000000,116610000000,116610000000,116610000000,352337000000,-8460000000,8460000000,4058000000,393000000,3665000000,241355000000,242000000,112532000000,843840000000,130677000000,117517000000,90256000000,223707000000,270748000000,27261000000,223707000000,361004000000,-259227000000,86292000000,73811000000,93958000000,9000000,379098583,2017-09-30,3542000000,11007000000,5350000000,3349000000,-733000000,3995000000,4275000000,730000000,3411000000,2681000000,280000000,2976000000,848000000,2128000000,2027000000,5657000000,5937000000,2128000000,2713000000,5830000000,33000000,689000000,2128000000,-11123000000,14132000000,2174000000,2174000000,395000000,395000000,-2174000000,5722000000.0,4.17,5.02,20.44
916776000000,110051000000,110051000000,110051000000,89638000000,-8280000000,8280000000,4038000000,373000000,3665000000,248536000000,275000000,120822000000,834533000000,133460000000,118667000000,88577000000,227579000000,276982000000,30090000000,227579000000,365559000000,-239987000000,82243000000,75392000000,91519000000,9000000,374808805,2017-12-31,4220000000,11329000000,4468000000,12586000000,559000000,3123000000,3661000000,898000000,3736000000,2838000000,350000000,3108000000,5036000000,-1928000000,-2092000000,5946000000,6296000000,-1928000000,-9105000000,-940000000,47000000,975000000,-1928000000,-8548000000,11094000000,1629000000,2479000000,498000000,498000000,-984000000,-6559000000.0,4.91,5.68,15.57
973535000000,120503000000,120503000000,120503000000,356705000000,-8610000000,8610000000,4049000000,342000000,3707000000,238852000000,279000000,-121000000,889956000000,142929000000,126446000000,98312000000,236673000000,282360000000,28134000000,236673000000,380672000000,-254734000000,83579000000,76177000000,93907000000,9000000,377706096,2018-03-31,4270000000,13392000000,6560000000,4309000000,-1077000000,5048000000,5347000000,918000000,4230000000,3312000000,299000000,3419000000,587000000,2832000000,2942000000,6731000000,7030000000,2832000000,-964000000,3550000000,45000000,1563000000,2832000000,-9213000000,20629000000,800000000,1450000000,376000000,376000000,-1450000000,10452000000.0,5.58,6.95,24.46
968610000000,131417000000,131417000000,131417000000,91586000000,-8730000000,8730000000,4106000000,349000000,3757000000,320191000000,96210000000,598476000000,882011000000,139195000000,122895000000,96946000000,239387000000,282387000000,25949000000,239387000000,379333000000,-251353000000,86599000000,76177000000,95941000000,9000000,377879137,2018-06-30,4937000000,13554000000,6126000000,3663000000,3663000000,939000000,1274000000,1002000000,4920000000,3918000000,335000000,3276000000,711000000,2565000000,3377000000,7194000000,7529000000,2565000000,8598000000,4070000000,40000000,2188000000,2565000000,-3590000000,5906000000,0,0,531000000,531000000,0,10914000000.0,4.66,5.98,28.45
957190000000,118871000000,118871000000,118871000000,93381000000,-8910000000,8910000000,4101000000,347000000,3754000000,312349000000,98190000000,603688000000,870428000000,128609000000,112408000000,90082000000,242132000000,281245000000,22326000000,242132000000,371327000000,-245442000000,86762000000,77422000000,98083000000,9000000,372739352,2018-09-30,4646000000,13025000000,5568000000,3294000000,3399000000,930000000,1247000000,856000000,5061000000,4205000000,317000000,3078000000,554000000,2524000000,1643000000,7283000000,7600000000,2524000000,-5314000000,4510000000,33000000,2196000000,2524000000,-4032000000,-3200000000,1244000000,1244000000,382000000,382000000,-1244000000,-12546000000.0,5.38,6.28,16.76
931796000000,130547000000,130547000000,130547000000,85222000000,-9080000000,9080000000,4082000000,324000000,3758000000,47224000000,90220000000,33547000000,841611000000,120125000000,108317000000,80841000000,236027000000,280631000000,27476000000,236027000000,264651000000,-230292000000,90185000000,78670000000,100100000000,9000000,367741973,2018-12-31,2872000000,12557000000,6274000000,13137000000,375000000,1276000000,2497000000,991000000,5468000000,4477000000,377000000,2708000000,170000000,2538000000,5070000000,7185000000,7562000000,2538000000,14244000000,4590000000,34000000,2035000000,2538000000,-1985000000,-583000000,1250000000,1250000000,521000000,521000000,-1250000000,11676000000.0,4.45,6.04,35.67
925349000000,87884000000,87884000000,87884000000,85932000000,-9400000000,9400000000,4092000000,332000000,3760000000,295197000000,91240000000,601803000000,835076000000,114971000000,102372000000,72757000000,237275000000,284429000000,29615000000,237275000000,357186000000,-233376000000,90273000000,79915000000,101988000000,9000000,366771581,2019-03-31,4067000000,13186000000,6088000000,3484000000,2706000000,993000000,1361000000,1218000000,5597000000,4379000000,368000000,2719000000,468000000,2251000000,945000000,7098000000,7466000000,2251000000,-44368000000,4372000000,43000000,2128000000,2251000000,-2139000000,3844000000,1250000000,1250000000,375000000,375000000,-1250000000,-42663000000.0,4.89,5.71,16.87
944903000000,91092000000,91092000000,91092000000,87794000000,-9650000000,9650000000,4114000000,342000000,3772000000,288087000000,93330000000,602920000000,854011000000,119161000000,105638000000,73378000000,231723000000,282432000000,32260000000,231723000000,355810000000,-242423000000,90892000000,81167000000,103867000000,9000000,360539618,2019-06-30,4671000000,14150000000,6334000000,5512000000,3260000000,1012000000,1411000000,1071000000,5760000000,4689000000,399000000,3127000000,706000000,2421000000,2219000000,7816000000,8215000000,2421000000,8631000000,4580000000,39000000,2040000000,2421000000,807000000,-6230000000,1250000000,1250000000,535000000,535000000,-751000000,3208000000.0,4.89,5.81,18.77
1007320000000,94094000000,94094000000,94094000000,91669000000,-9940000000,9940000000,4886000000,690000000,4196000000,395564000000,94360000000,653785000000,915308000000,158969000000,145712000000,111472000000,228723000000,282276000000,34240000000,228723000000,393748000000,-245371000000,92012000000,81841000000,105194000000,9000000,357509026,2019-09-30,3800000000,12774000000,5907000000,2983000000,2273000000,1054000000,1527000000,1008000000,5459000000,4451000000,473000000,2416000000,539000000,1877000000,2208000000,6867000000,7340000000,1877000000,9774000000,5180000000,52000000,2229000000,1877000000,-19584000000,12812000000,673000000,1173000000,550000000,550000000,-1173000000,3002000000.0,4.81,4.79,-0.51
992968000000,172279000000,133546000000,172279000000,92927000000,-9950000000,9950000000,4837000000,641000000,4196000000,63937000000,95680000000,38733000000,902703000000,165214000000,150229000000,119593000000,237337000000,267973000000,30636000000,43661000000,255363000000,-230428000000,90265000000,84006000000,106465000000,9000000,347343184,2019-12-31,3331000000,13812000000,7634000000,13382000000,435000000,1192000000,2896000000,1065000000,4922000000,3857000000,464000000,2321000000,404000000,1917000000,917000000,6178000000,6642000000,1917000000,49831000000,4513000000,39000000,2046000000,1917000000,-3320000000,-7059000000,2162000000,2762000000,644000000,644000000,-2163000000,39452000000.0,5.47,4.69,-14.2
1089756000000,149855000000,105489000000,149855000000,93454000000,-9230000000,9230000000,4810000000,614000000,4196000000,68694000000,95590000000,44366000000,997377000000,134246000000,120377000000,97845000000,259274000000,281806000000,22532000000,43313000000,262624000000,-274422000000,92379000000,85929000000,106501000000,9000000,343856654,2020-03-31,2082000000,12180000000,7395000000,3473000000,586000000,1059000000,1496000000,1313000000,4750000000,3437000000,437000000,1348000000,135000000,1213000000,4634000000,4785000000,5222000000,1213000000,-53031000000,4041000000,41000000,2843000000,1213000000,-32336000000,57310000000,1928000000,2278000000,538000000,538000000,-2278000000,-28057000000.0,3.35,3.11,-7.28
1141523000000,152449000000,132599000000,152449000000,95627000000,-9620000000,9620000000,4792000000,596000000,4196000000,76621000000,98140000000,19850000000,1051494000000,130832000000,114272000000,90283000000,256961000000,280950000000,23989000000,44400000000,266891000000,-255775000000,90029000000,85930000000,106248000000,9000000,343935256,2020-06-30,808000000,15385000000,12004000000,4711000000,-669000000,978000000,1477000000,944000000,3034000000,2090000000,499000000,1291000000,918000000,373000000,-1905000000,3381000000,3880000000,373000000,-11647000000,1814000000,36000000,1065000000,-2799000000,3907000000,34850000000,0,0,626000000,626000000,0,373000000.0,3.78,6.26,65.4
1132059000000,172303000000,153201000000,172303000000,96713000000,-10040000000,10040000000,4965000000,632000000,4333000000,80792000000,99520000000,19102000000,1039409000000,148530000000,131242000000,104409000000,247653000000,274486000000,26833000000,47880000000,261964000000,-247113000000,92650000000,85930000000,109033000000,9000000,344070790,2020-09-30,5080000000,12629000000,6482000000,3352000000,3669000000,943000000,1411000000,1084000000,2932000000,1848000000,468000000,4299000000,932000000,3367000000,3073000000,6147000000,6615000000,3367000000,34936000000,1793000000,40000000,998000000,-3367000000,2996000000,-17330000000,0,0,580000000,580000000,0,3367000000.0,5.57,9.68,73.81
1163028000000,175623000000,155842000000,175623000000,100922000000,-10120000000,10120000000,4962000000,630000000,4332000000,88445000000,103800000000,19781000000,1067096000000,182239000000,160618000000,134704000000,245977000000,271891000000,25914000000,40911000000,266351000000,-256746000000,95932000000,85940000000,112947000000,9000000,344088725,2020-12-31,6401000000,13304000000,6200000000,14269000000,4698000000,1034000000,1703000000,1410000000,2973000000,1563000000,498000000,5541000000,1035000000,4506000000,3707000000,7104000000,7602000000,4506000000,11207000000,1443000000,30000000,1403000000,14412000000,-8923000000,-4450000000,0,0,592000000,592000000,349000000,2641000000.0,7.47,12.08,61.63
1301548000000,210597000000,191155000000,210597000000,102997000000,-10300000000,10300000000,4907000000,575000000,4332000000,88016000000,106060000000,19442000000,1203884000000,201823000000,167478000000,140722000000,231498000000,276327000000,26756000000,39902000000,277507000000,-297945000000,97664000000,88632000000,119210000000,9000000,340018220,2021-03-31,9798000000,19276000000,9367000000,6290000000,8238000000,1062000000,1560000000,1482000000,3054000000,1572000000,498000000,8337000000,1501000000,6836000000,6196000000,9909000000,10407000000,6836000000,-5183000000,1896000000,36000000,1312000000,6836000000,-2487000000,42983000000,2700000000,4700000000,551000000,551000000,-4700000000,35313000000.0,10.22,18.6,81.95
1387922000000,261334000000,240289000000,261334000000,107675000000,-10580000000,10580000000,4855000000,523000000,4332000000,90727000000,111100000000,21045000000,1286032000000,228739000000,190582000000,164505000000,251115000000,295910000000,26077000000,44396000000,300670000000,-315885000000,101890000000,89633000000,124051000000,9000000,337276277,2021-06-30,8144000000,16698000000,8548000000,5504000000,6553000000,1071000000,1591000000,1629000000,2939000000,1310000000,520000000,6840000000,1354000000,5486000000,5671000000,8150000000,8670000000,5486000000,20467000000,1127000000,31000000,1353000000,5486000000,-9221000000,37888000000,1000000000,1675000000,560000000,560000000,-1000000000,5486000000.0,10.24,15.02,46.68
1443230000000,231169000000,211830000000,231169000000,111311000000,-10730000000,10730000000,4823000000,497000000,4326000000,86708000000,114930000000,19339000000,1336933000000,236239000000,194705000000,174074000000,252365000000,291463000000,20631000000,47880000000,291770000000,-311210000000,106297000000,90634000000,128631000000,9000000,334792980,2021-09-30,7926000000,15161000000,6766000000,3406000000,6183000000,1234000000,1743000000,1564000000,3117000000,1553000000,509000000,6842000000,1464000000,5378000000,5311000000,8395000000,8904000000,5378000000,-39260000000,1371000000,22000000,883000000,-30022000000,-4819000000,15620000000,1000000000,1000000000,792000000,792000000,-252000000,5378000000.0,10.18,14.93,46.72
1463988000000,279973000000,261036000000,279973000000,115085000000,-10810000000,10810000000,4703000000,418000000,4285000000,88719000000,118900000000,18937000000,1354062000000,239270000000,192765000000,174647000000,263466000000,298476000000,18118000000,52390000000,301047000000,9056000000,109926000000,91136000000,131811000000,9000000,333573254,2021-12-31,5938000000,13854000000,7614000000,18700000000,4062000000,1388000000,1876000000,1795000000,3010000000,1215000000,488000000,5025000000,1090000000,3935000000,3823000000,6240000000,6728000000,3935000000,30274000000,1127000000,31000000,1119000000,39335000000,-13938000000,38247000000,500000000,500000000,822000000,822000000,249000000,49206000000.0,11.76,10.81,-8.07
1589441000000,291449000000,274164000000,291449000000,121493000000,-11200000000,11200000000,6481000000,1209000000,5272000000,92084000000,123940000000,17285000000,1474202000000,244051000000,200276000000,176268000000,267265000000,306612000000,24008000000,58348000000,316468000000,9706000000,115239000000,91623000000,134931000000,9000000,343396311,2022-03-31,5491000000,14318000000,8277000000,4334000000,3725000000,1274000000,1766000000,1827000000,3212000000,1385000000,492000000,4656000000,717000000,3939000000,3323000000,6041000000,6533000000,3939000000,-19534000000,1299000000,19000000,953000000,3939000000,-17021000000,53101000000,500000000,500000000,815000000,815000000,-500000000,13128000000.0,8.89,10.76,21.04
1601224000000,303755000000,288606000000,303755000000,126708000000,-11550000000,11550000000,8210000000,2014000000,6196000000,114775000000,127880000000,15149000000,1483353000000,249848000000,211594000000,185302000000,258966000000,299274000000,26292000000,62238000000,308059000000,-332102000000,117871000000,92123000000,136998000000,9000000,341963005,2022-06-30,4651000000,14981000000,8320000000,3954000000,2653000000,1428000000,1998000000,1734000000,4851000000,3117000000,570000000,3544000000,617000000,2927000000,3657000000,6661000000,7231000000,2927000000,45394000000,2439000000,51000000,1051000000,2927000000,-38488000000,14456000000,500000000,500000000,857000000,857000000,-500000000,14442000000.0,6.58,7.73,17.52
1555994000000,299610000000,284251000000,299610000000,130438000000,-11870000000,11870000000,8251000000,1963000000,6288000000,126963000000,131990000000,15359000000,1436704000000,239040000000,195218000000,166912000000,247641000000,288744000000,28306000000,65358000000,291815000000,7226000000,119290000000,93127000000,139067000000,9000000,339103013,2022-09-30,5738000000,18482000000,8219000000,3861000000,3694000000,1378000000,2044000000,2043000000,8550000000,6507000000,666000000,3756000000,687000000,3069000000,3151000000,10263000000,10929000000,3069000000,16010000000,6144000000,54000000,990000000,3069000000,-14159000000,1621000000,1000000000,1000000000,997000000,997000000,-1000000000,-4355000000.0,7.69,8.25,7.28
1441799000000,256717000000,241825000000,256717000000,132955000000,17074000000,12190000000,8383000000,2009000000,6374000000,130629000000,134590000000,14892000000,1324610000000,183654000000,152927000000,60961000000,254245000000,247138000000,38635000000,73147000000,308099000000,6845000000,117189000000,94631000000,139372000000,9000000,334918639,2022-12-31,3903000000,20930000000,9063000000,16174000000,1723000000,1453000000,2180000000,2074000000,12411000000,10337000000,727000000,1530000000,204000000,1326000000,188000000,11867000000,12594000000,1326000000,-33162000000,9140000000,50000000,754000000,1326000000,-6292000000,-9576000000,1500000000,1500000000,1013000000,1013000000,-1500000000,-30865000000.0,5.48,3.32,-39.43
1538349000000,243926000000,229327000000,243926000000,133002000000,-12880000000,12880000000,8404000000,1965000000,6439000000,131790000000,135330000000,14599000000,1420840000000,286645000000,240326000000,203257000000,247826000000,298205000000,37069000000,74888000000,305397000000,-331000000000,117509000000,97159000000,141591000000,9000000,332884318,2023-03-31,8232000000,25381000000,8231000000,4355000000,5976000000,1286000000,2256000000,1781000000,14938000000,13157000000,970000000,3993000000,759000000,3234000000,3643000000,17150000000,18120000000,3234000000,9404000000,13082000000,52000000,597000000,3234000000,-1978000000,-20544000000,2546000000,2546000000,1013000000,1013000000,-2546000000,-13118000000.0,8.1,9.87,21.91
1571386000000,284689000000,270931000000,284689000000,129655000000,-13650000000,13650000000,7863000000,1921000000,5942000000,137571000000,133310000000,13758000000,1454893000000,319536000000,271533000000,225770000000,236915000000,295484000000,45763000000,74312000000,300869000000,-328000000000,116493000000,97917000000,141798000000,9000000,330811807,2023-06-30,5444000000,26047000000,9159000000,3872000000,2577000000,1273000000,2867000000,1684000000,16836000000,15152000000,1594000000,1736000000,520000000,1216000000,580000000,16888000000,18482000000,1216000000,31901000000,14495000000,48000000,666000000,1216000000,-3959000000,13886000000,750000000,750000000,1012000000,1012000000,-750000000,41828000000.0,3.18,3.08,-3.1
1577153000000,253621000000,239879000000,253621000000,157577000000,13138000000,13820000000,7254000000,1341000000,5913000000,145530000000,133600000000,13742000000,1459876000000,331581000000,276655000000,229279000000,230070000000,289341000000,47376000000,73916000000,294033000000,-323000000000,117277000000,99429000000,142743000000,9000000,326604718,2023-09-30,7517000000,28527000000,9061000000,4455000000,4757000000,1248000000,2760000000,1547000000,18257000000,16710000000,1512000000,2756000000,698000000,2058000000,2696000000,19466000000,20978000000,2058000000,-25534000000,15609000000,554000000,507000000,2058000000,-8033000000,6442000000,1500000000,2500000000,1099000000,1099000000,-1004000000,41828000000.0,5.31,5.47,2.98
1641594000000,255324000000,241577000000,255324000000,155388000000,11244000000,13640000000,7093000000,1177000000,5916000000,146839000000,133750000000,13747000000,1524689000000,185789000000,125306000000,75945000000,247867000000,241877000000,49361000000,86410000000,317822000000,875887000000,116905000000,100445000000,143688000000,9000000,323376354,2023-12-31,6247000000,28463000000,9064000000,3870000000,4050000000,1417000000,2197000000,1339000000,18484000000,17145000000,780000000,2254000000,246000000,2008000000,1689000000,19399000000,20179000000,2008000000,-28358000000,16840000000,27000000,546000000,2008000000,-3342000000,28016000000,1000000000,1000000000,1065000000,1065000000,-1000000000,41828000000.0,3.51,5.48,56.02
1698440000000,223068000000,209385000000,223068000000,159683000000,10514000000,13890000000,6918000000,1021000000,5897000000,154900000000,136890000000,13683000000,1579894000000,188740000000,122479000000,78603000000,243085000000,233919000000,43876000000,87142000000,312522000000,651093000000,118546000000,101917000000,146690000000,9000000,324014481,2024-03-31,9928000000,32160000000,8976000000,4832000000,8047000000,1254000000,1881000000,1608000000,19555000000,17947000000,627000000,5237000000,1105000000,4132000000,3733000000,23184000000,23811000000,4132000000,-28038000000,16905000000,26000000,497000000,4132000000,-7980000000,7171000000,1500000000,1500000000,1123000000,1123000000,-1500000000,41828000000.0,8.56,11.58,35.28
1653313000000,220383000000,206326000000,220383000000,158175000000,9729000000,14020000000,6885000000,992000000,5893000000,160924000000,136440000000,14057000000,1533850000000,184971000000,121036000000,76769000000,245265000000,234632000000,44267000000,88360000000,311401000000,585675000000,119463000000,105459000000,148652000000,9000000,316162882,2024-06-30,8810000000,30929000000,8815000000,4484000000,6874000000,1290000000,1936000000,2242000000,20440000000,18198000000,646000000,3916000000,873000000,3043000000,3460000000,22114000000,22760000000,3043000000,6120000000,17994000000,33000000,542000000,3043000000,-5243000000,-2371000000,3500000000,4200000000,1052000000,1052000000,-1956000000,41828000000.0,8.34,8.62,3.3
1728080000000,168688000000,154689000000,168688000000,160200000000,8504000000,14330000000,6834000000,925000000,5909000000,183660000000,139740000000,13999000000,1606880000000,176039000000,113922000000,75371000000,260324000000,250250000000,38551000000,96223000000,325621000000,-2667000000,121200000000,106475000000,150454000000,9000000,314190854,2024-09-30,8461000000,31524000000,8712000000,4364000000,6541000000,1299000000,1920000000,2623000000,21448000000,18825000000,621000000,3987000000,997000000,2990000000,3387000000,22812000000,23433000000,2990000000,-38060000000,18860000000,95000000,466000000,2990000000,-29286000000,10340000000,1000000000,1000000000,1169000000,1169000000,995000000,41828000000.0,6.89,8.4,21.98
